{"cameraMode":{"drawMode":0,"name":"Shaded","section":"Shading Mode"},"sceneLighting":true,"audioPlay":false,"sceneViewState":{"showFog":true,"showMaterialUpdate":false,"showSkybox":true,"showFlares":true,"showImageEffects":true,"showParticleSystems":true},"in2DMode":false,"pivot":{"x":370.03271484375,"y":331.69500732421877,"z":112.86687469482422},"rotation":{"x":-0.14274506270885468,"y":0.7944182753562927,"z":-0.20480391383171082,"w":-0.5536972880363464},"size":341.2234191894531,"orthographic":false}