{"cameraMode":{"drawMode":0,"name":"Shaded","section":"Shading Mode"},"sceneLighting":true,"audioPlay":false,"sceneViewState":{"showFog":true,"showMaterialUpdate":false,"showSkybox":true,"showFlares":true,"showImageEffects":true,"showParticleSystems":true},"in2DMode":false,"pivot":{"x":357.7062683105469,"y":325.64837646484377,"z":432.29052734375},"rotation":{"x":0.006309426389634609,"y":0.004810564685612917,"z":-0.000030371844331966713,"w":0.9999700784683228},"size":667.2591552734375,"orthographic":false}