{"cameraMode":{"drawMode":0,"name":"Shaded","section":"Shading Mode"},"sceneLighting":true,"audioPlay":false,"sceneViewState":{"showFog":true,"showMaterialUpdate":false,"showSkybox":true,"showFlares":true,"showImageEffects":true,"showParticleSystems":true},"in2DMode":false,"pivot":{"x":434.02606201171877,"y":345.2989501953125,"z":0.0},"rotation":{"x":0.02877354435622692,"y":0.04708854854106903,"z":-0.0013570673763751984,"w":0.9984762072563171},"size":392.2236633300781,"orthographic":false}